Word,Count
城市更新,439
评估与决策模型,190
可持续更新,162
协同与网络治理,148
多方利益相关,131
社会影响与包容性,117
公众/社区参与,110
GIS与空间分析,99
历史街区保护,87
乡村振兴,79
生态修复与绿色基础设施,72
土地经济与产权,57
老旧小区改造,48
大数据与多源数据,47
遥感技术,43
数字技术与智慧城市,40
公共空间更新,34
低碳与双碳目标,33
城市韧性,32
投融资与运营模式,31
多源数据,27
智慧城市,27
农村电子商务,26
电子商务,25
数字经济,24
工业遗产与棕地更新,23
协同治理,22
城中村改造,19
微更新/渐进式更新,19
有机更新,18
社区参与,18
可持续发展,18
空间句法,18
城市活力,17
特色农产品,15
社会网络分析,14
城市微气候环境,13
数字化转型,13
国土空间规划,12
决策支持,11
决策支持系统,11
乡村振兴战略,11
大数据,10
适应性再利用,10
制度创新,10
空间治理,10
农村电商,10
居民满意度,10
公共交通导向更新,9
公众参与,9
GIS空间分析,9
文献计量学,8
高质量发展,8
绿色基础设施,8
资源整合,8
乡村旅游,8
机器学习,8
多源数据融合,8
产业链整合,8
多模态数据融合,7
高密度城市,7
跨境电商,7
深度学习,7
文旅融合,7
品牌建设,7
文化认同,7
城市化,6
社会可持续性,6
空间正义,6
城市治理,6
智慧养老,6
老龄化,6
文化传承,6
动态评估,6
产业升级,6
社会包容性,6
基础设施薄弱,6
生态安全格局,6
优化策略,5
治理机制,5
可再生能源,5
协同机制,5
空间分析,5
空间规划,5
产业融合,5
物流体系优化,5
物流优化,5
空间重构,5
冷链物流,5
电子商务平台,5
共同富裕,5
多源遥感数据,5
空间计量模型,5
数字孪生,5
双碳目标,5
公共服务,5
空间计量经济学,5
社会公平,5
社会资本,5
系统动力学,5
空间句法分析,5
文化遗产保护,5
地下空间利用,4
多目标优化,4
智能决策,4
制度环境,4
新质生产力,4
政策评估,4
绩效评估,4
治理模式,4
土地利用效率,4
文化旅游,4
数字化营销,4
城乡融合发展,4
生态系统服务,4
区域特色产业,4
社区韧性,4
社区治理,4
一带一路,4
空间异质性,4
动态评估体系,4
城市化进程,4
层次分析法,4
社区参与机制,4
大数据分析,4
机器学习算法,4
政策工具,4
交通可达性,4
可持续发展目标,4
混合研究方法,4
综合评价体系,4
人才短缺,4
协同发展模式,4
公众满意度,4
物流网络优化,4
智能医疗诊断系统,3
BIM技术,3
移民群体,3
社会转型,3
社会创新,3
组织美学,3
区域创新网络,3
协同发展,3
决策优化,3
后占用评估,3
城市群,3
评估体系,3
知识图谱,3
功能重构,3
行动者网络理论,3
多案例比较,3
存量更新,3
社会效益评估,3
数字化赋能,3
农村电商发展,3
产城融合,3
交易成本,3
生态脆弱区,3
POI数据,3
区域协同,3
SWOT分析,3
治理体系,3
供应链韧性,3
智能管理,3
数字金融,3
生态旅游,3
政策协同,3
路径优化,3
社会工作,3
效能评估,3
湿地保护,3
文化IP,3
县域经济,3
运营效率,3
生物多样性保护,3
城市微更新,3
滨水空间更新,3
社会网络,3
利益分配机制,3
空间溢出效应,3
差异化更新策略,3
新型城镇化,3
智能决策支持系统,3
城市高质量发展,3
基础设施,3
可持续城市发展,3
系统动力学建模,3
评价指标体系,3
蒙特卡洛模拟,3
注意力机制,3
城市再生,3
多准则决策分析,3
空间利用率,3
区域金融政策,3
经济,3
社会,3
环境,3
A/B测试,3
供应链优化,3
产业联动,3
农产品上行,3
城市可持续发展,3
文化内涵,3
可持续性,3
政府引导,3
区域公共品牌,3
遗产保护条例,3
数据驱动,3
物流体系,3
人才培养,3
社会网络分析法,3
案例比较法,3
生物多样性,3
生态服务功能,3
物流成本,3
碳中和,3
产业协同,3
生态修复,3
市场驱动,3
电商生态系统,3
数字素养,3
文化传播,3
社区微更新,3
数字基础设施,3
公私合作,2
政治参与,2
政策创新,2
智能优化,2
地理人工智能,2
多维指标体系,2
心理变迁,2
长三角城市群,2
文献计量分析,2
社交电商,2
用户增长,2
策略优化,2
规划能力,2
政策优化,2
渐进式更新,2
规划政策优化,2
国家战略需求,2
制造业用地扩张,2
智能防控,2
空间叙事,2
居民生活质量,2
商业可持续性,2
生态环境质量,2
数字化协同平台,2
全周期管理,2
制度韧性,2
绿色出行,2
地铁接驳,2
Z世代,2
绿地空间更新,2
经济韧性,2
数字普惠金融,2
区域经济,2
城市病,2
植被多样性,2
产业布局,2
文化旅游产业,2
在线营销策略,2
博物馆,2
技术政治,2
动态模拟,2
多维评价体系,2
商业模式创新,2
财政可持续性,2
住房市场,2
多维数据融合,2
参与机制,2
多源遥感,2
电商化,2
品牌影响力,2
营销策略,2
全产业链优化,2
城市法律,2
智能管理系统,2
类型学分析,2
决策树模型,2
城乡差异,2
数字商业,2
户外体育产业,2
规划优化,2
生态环境,2
地理信息系统,2
EPC模式,2
成本管理,2
数字化平台,2
产业转移,2
市场细分,2
技术创新,2
建成环境,2
系统综述,2
地域文化特色,2
城市森林,2
碳汇效能,2
协同优化,2
野生动物微生物组学,2
宏基因组测序,2
宿主-微生物互作,2
治理转型,2
数据驱动型产业升级,2
城市热岛效应,2
社交媒体,2
精准营销,2
规划策略,2
数据挖掘技术,2
乡村体育赛事,2
电子商务模式创新,2
区域经济转型,2
O2O模式,2
农村阅读推广,2
农村电商人才培训,2
模式创新,2
数字电子商务,2
文化数字化,2
法律保障,2
智能医疗诊断,2
影响因素,2
特色产业,2
语言景观,2
旅游体验,2
居家养老,2
膳食服务,2
社区资源协同,2
生态化学计量学,2
造林模式,2
资本流动,2
共享经济,2
现代化转型,2
休闲经济,2
评价体系,2
城乡收入差距,2
服务体系优化,2
乡村文化旅游转型,2
新农人,2
空间分布特征,2
多维度整合,2
地方治理,2
农产品电商平台,2
数字化,2
评估模型,2
多模态话语理论,2
会员制电商,2
可持续利用,2
农产品全产业链,2
风险治理,2
挥发性有机物,2
城市代谢效率,2
低碳,2
可持续建造技术,2
非物质文化遗产,2
生态敏感性,2
艺术实践,2
精准营销策略,2
生态文明建设,2
优化路径,2
指标体系构建,2
景观格局分析,2
城市扩张,2
生态用地,2
无人机物流,2
政策支持,2
医疗诊断,2
医学影像,2
临床文本数据,2
城市更新治理体系,2
利益共享,2
物质循环,2
经济活力,2
空间计量分析,2
产权结构,2
政策干预,2
时空分异特征,2
案例研究,2
用户留存率,2
旧城改造,2
社会调查,2
经济可行性,2
土地资源约束,2
社会网络调查,2
社会风险,2
产业结构,2
可持续性评估,2
联合国可持续发展目标,2
结构方程模型,2
价值观,2
幸福感,2
协同效率,2
资源配置,2
环境质量,2
文化保护,2
工业用地转型,2
更新效率,2
弹性规划,2
空间分异规律,2
制度变迁,2
技术溢出,2
协同度评价体系,2
景观格局指数,2
区域差异,2
容积率调控,2
全生命周期成本分析,2
参与式行动研究,2
社区满意度,2
政策响应,2
空间利用效率,2
历史城区,2
可持续城市更新,2
居民参与机制,2
基础设施升级,2
社会融合,2
城市有机更新,2
数字技术,2
服务模式单一,2
跨部门协同,2
政府失灵,2
大数据挖掘,2
量化评估模型,2
基础设施投资,2
农产品上行效率,2
农产品上行通道,2
直播电商,2
经济收益,2
生态效益,2
农民增收,2
全要素生产率,2
文化资源活化利用,2
空间叠加分析,2
机器学习分类,2
供应链整合,2
电商平台,2
居民参与,2
同质化竞争,2
新媒体矩阵,2
案例实证,2
碳排放强度,2
决策支持框架,2
土地开发强度,2
卷积神经网络,2
经济-社会-环境,2
文化价值挖掘,2
决策效率,2
社交媒体传播,2
电商技能培训,2
政策文本分析,2
城市治理现代化,2
配送效率低下,2
物流节点布局优化,2
商业价值,2
消费心理,2
治理结构,2
碳汇功能,2
问卷调查,2
多源地理大数据,2
配送效率,2
空间计量方法,2
政策工具组合,2
城市更新治理,2
产销对接,2
综合效益评估,2
环境因子,2
物流网络,2
品牌溢价,2
社群营销,2
农业数字化转型,2
时空异质性,2
人口老龄化,2
需求导向,2
大数据用户画像,2
热岛效应,2
诊断准确率,2
特色农产品品牌建设,2
农产品线上销售,2
韧性理论,2
个案管理,2
后殖民语境,2
手机信令,2
经济赋能,2
民族文化资源,2
城乡融合,2
空间碎片化,2
数字技能,2
用户粘性,2
城镇化进程,2
绅士化,2
文化遗产活化,2
社区活力,2
生态系统服务价值评估,2
土地利用,2
深度学习算法优化,1
施工管理,1
网络治理,1
建设用地再开发,1
土地财产权,1
循环农业系统,1
废弃物代谢,1
效能优化,1
决策框架,1
关联网络系统,1
多维数据分析,1
多维驱动因素,1
生产-生活-生态空间,1
生态环境效应,1
多尺度耦合模型,1
社交电商平台,1
用户增长策略,1
AARRR模型,1
协同决策,1
复杂系统决策方法,1
协同分析,1
协同开发,1
新型城市化质量评价,1
空间格局优化,1
区域协调发展,1
社区可持续性评估,1
纵向研究,1
数字分析框架,1
规划政策,1
发展趋势,1
空间结构,1
可持续发展评估,1
评价方法,1
新型城市化,1
质量评价,1
空间优化,1
民众心理,1
跨学科实证研究,1
体系化发展,1
业态优化,1
文化基因,1
机构转型,1
城镇体系协同机制,1
灾害风险,1
多维度评估,1
洪水风险管理,1
全生命周期成本优化,1
多维评估,1
文化表征,1
公司治理,1
社会空间机制,1
城市改造与再利用策略,1
人口空间分布,1
旧城区重建,1
自然保护区,1
管理模式创新,1
非正规性治理,1
协同优化策略,1
多维评估模型,1
更新策略优化,1
轨道交通,1
智能更新管理,1
文化产业,1
旅游产业,1
规划创新,1
农村养老,1
服务体系,1
港口城市协同发展,1
地方政府结构,1
可持续发展策略,1
全球城市化,1
城市振兴,1
全球与本地案例研究,1
马克思主义政治经济学,1
效率测度,1
优化对策,1
红色旅游,1
乡镇经济,1
多维度突破路径,1
实践验证,1
租金调控,1
传统村落,1
旅游发展模式,1
空间决策支持系统,1
居民满意度评估,1
社交媒体情感分析,1
创意产业园区,1
产业竞争力,1
景观保护,1
精准医疗诊断,1
多维度评价,1
都市运营工具,1
原居地养老模式,1
养老资源分配,1
区域治理,1
决策机制优化,1
电商化转型,1
多维营销策略,1
苏南地区,1
旅游发展战略,1
区域旅游竞争力,1
餐饮业品牌命名,1
语言特征分析,1
能源碳排放,1
实证分析,1
资源配置模型,1
协同发展路径,1
县域旅游,1
治理创新,1
政策演进,1
农产品供应链,1
微观评估,1
提质增效,1
配送路径优化,1
遗传算法,1
数字包容性金融,1
高质量经济发展,1
传统金融,1
创新模式,1
垂直绿化系统,1
空气质量改善,1
多维度评估框架,1
整合式再生,1
预制建筑,1
绿色建造,1
产业化应用,1
治理模式优化,1
区域品牌建设,1
可视化增强方法,1
农产品产业升级,1
区域特色农产品,1
多维协同治理,1
供给侧改革,1
流动书箱,1
文化赋能,1
风险评估,1
农村养老服务体系,1
县域差异化需求,1
文化嵌入型,1
发展路径,1
演进机制,1
实践研究,1
传统文化商业化,1
非遗传承,1
市场竞争力,1
养老保险制度,1
运行效率,1
分子设计方法,1
尿酸代谢平衡,1
多靶点协同调控,1
区域经济转型升级,1
电子商务发展模式,1
创新路径,1
韧性适应循环理论,1
市场拓展策略,1
规划范式,1
产业转型,1
特色农产品流通,1
类型学方法,1
建筑与规划指南,1
跨区域比较,1
新能源汽车,1
欧盟市场,1
出口策略,1
应用型本科,1
数学教育体系,1
视觉叙事机制,1
文化表达,1
图文学理论,1
项目管理,1
效率优化,1
县域农村电子商务,1
生态链构建,1
湾区模式,1
土壤碳氮磷积累,1
自由贸易区,1
城市发展,1
农耕文化,1
空间演变机制,1
智慧社区,1
政府购买服务,1
养老服务,1
港产城融合,1
中小企业数字化转型,1
政策与市场驱动,1
政策工具理论,1
旅游节庆,1
交易成本理论,1
决策优化机制,1
公众感知,1
空间数据,1
城市生态质量,1
创新发展模式,1
产业集群,1
乡村治理,1
县域发展,1
翻译地理学,1
旅游景点,1
双语宣传,1
优化方法,1
林业产业优化,1
中介效应,1
数字文化,1
文旅产业,1
产业发展,1
空间形态优化,1
数字生态系统,1
电商发展,1
数字营销策略,1
线上运营模式,1
灾害应对,1
多参数决策模型,1
公共管理,1
规划机制转型,1
互联网+,1
城市群生态网络优化,1
水产养殖产业,1
城市生态系统监测,1
多尺度观测网络,1
动态评估方法,1
原则体系,1
协同创新机制,1
多主体联动模式,1
生态网络模型,1
生态空间连通性,1
环境正义,1
绿地时空可达性,1
动态博弈理论,1
多主体协同管理,1
农产品加工,1
销售体系优化,1
城市形象构建,1
传播策略,1
用户行为分析,1
发展策略优化,1
信用风险,1
动态监测,1
预警方法,1
经济评价,1
决策模型,1
文化营销,1
文化保育,1
资源环境承载力,1
数字化升级,1
决策科学,1
高密度城区,1
老旧工业用地更新,1
多源大数据,1
少数民族地区,1
臭氧污染,1
动态建模,1
民族节庆旅游,1
政策网络,1
动态博弈,1
多指标融合分析,1
身份认同,1
跨国主义,1
跨国比较,1
生态保护优先区,1
多主体协同,1
土地利用规划,1
生物亲和设计,1
发展脉络,1
社区文化重构,1
电商参与,1
留守女性,1
旅游地理学,1
行为机制,1
差异化评估,1
生态质量,1
城镇化,1
实物期权理论,1
外部性评估,1
乡村发展,1
共生理论,1
内生性机制,1
国族意识,1
音乐文化,1
农村数字化平台,1
农业与旅游资源,1
区域经济效应,1
绿地识别,1
滨海空间更新,1
旅游目的地忠诚度,1
网红旅游现象,1
量表视角,1
生态服务价值评估,1
生态地券核算,1
住房策略,1
需求分析,1
文化经济协同,1
场所营造,1
国家-社会互动,1
基因组学,1
智能辅助诊断系统,1
物联网技术,1
全生命周期管理,1
施工进度模拟,1
资源优化配置,1
多方协同管理,1
建筑行业数字化转型,1
多元主体协同治理,1
网络治理理论,1
多主体协同框架,1
行政主导型,1
市场驱动型,1
土地再开发,1
产权界定模糊,1
产权细分,1
增值收益分配,1
多方主体协同,1
权属清晰,1
产权制度,1
存量建设用地,1
农业废弃物处理,1
生物降解技术,1
生物转化,1
低碳农业,1
可持续农业,1
户籍制度改革,1
社区治理模式变迁,1
流动人口治理,1
社会活力,1
环境活力,1
步行可达性,1
商业密度,1
经济-社会-环境多维驱动协同,1
案例对比建模,1
商业更新,1
工业改造,1
住区再生,1
地价梯度,1
公共服务缺口,1
市场化,1
政府调控,1
以人为本,1
快速城镇化,1
国土空间优化,1
生态系统服务评估,1
人地系统耦合,1
用户生命周期管理,1
定量分析,1
短视频内容推荐算法,1
社交裂变机制,1
用户收益增长,1
用户推荐转化率,1
多准则决策,1
文本挖掘,1
多元共治,1
物联网实时监测技术,1
多目标优化模型,1
建筑运营能耗成本,1
碳排放量减少,1
社区活力提升,1
居住条件改善,1
资源利用效率,1
城市治理政策,1
多维协同评估,1
多目标决策分析,1
社会公平性,1
决策支持模型,1
城市更新理论体系,1
多目标决策模型,1
全生命周期成本分析法,1
协同规划机制,1
混合功能适配性评估,1
经济-社会-环境综合效益测算,1
参与式规划设计,1
博弈论建模,1
风险传导机制,1
风险预警指标体系,1
质量提升,1
经济-社会-生态,1
多维协同,1
空间自相关分析,1
冷热点探测,1
环境承载,1
协调度,1
空间集聚特征,1
演化趋势,1
梯度分布,1
太原都市圈,1
资源型城市转型,1
差异化区域政策,1
国土空间格局,1
熵权法,1
现代化进程,1
横向分析,1
纵向追踪,1
代际队列比较,1
宏观社会经济指标,1
社会态度,1
代际传递效应,1
GDP增速,1
城镇化率,1
个人主义倾向,1
民生保障水平,1
心理健康,1
社会政策,1
社会资本断裂,1
文化认同缺失,1
空间资源配置,1
多中心-多层次,1
创新要素流动,1
节点城市,1
制度壁垒,1
网络韧性,1
知识溢出,1
协同创新,1
市政发展,1
政府决策,1
多元利益主体诉求,1
地球观测技术,1
遥感卫星,1
知识图谱分析,1
高分辨率对地观测系统,1
国际合作,1
空间基础设施规划,1
公私部门协同,1
都市圈,1
人口分布,1
用户生命周期,1
转化率,1
留存率,1
单用户价值,1
夜间灯光遥感数据,1
多源卫星数据融合,1
时空分析,1
城市人口分布,1
经济活动,1
能源消耗,1
决策实验室分析法,1
多维度评价指标体系,1
建筑行业碳排放,1
光伏,1
地源热泵,1
能源成本节约,1
环保效益,1
绿色建筑,1
低碳转型,1
文化资本转化,1
环境可持续性,1
经济-社会-环境三维协同,1
节能改造,1
社区治理创新,1
建筑能耗,1
空间形态学分析,1
社区纽带,1
群体性事件,1
城市化质量评价,1
综合评价框架,1
环境承载力,1
集聚特征,1
生态-经济协调度,1
文化适应,1
心理响应,1
经济改革,1
教育普及,1
焦虑水平,1
社区活化,1
社会组织美学,1
区域创新体系,1
知识流动效率,1
制度协同,1
自组织演化,1
市政基础设施,1
卫星遥感数据,1
政务大数据,1
智慧城市治理,1
历史文化保护,1
数据共享,1
星座组网,1
自然资源管理,1
应急减灾,1
数字城市再生,1
用地效能评估模型,1
政策仿真,1
政策调控,1
市场主体行为决策,1
工业用地转型潜力评估指标体系,1
空间重构效率,1
存量土地精准治理,1
社会网络模型,1
面板数据回归,1
视觉分析,1
低碳技术,1
跨学科研究,1
研究趋势预测,1
业态活力评估,1
文化遗产业态健康度评估体系,1
制度分析,1
案例比较,1
权责配置,1
城镇体系发展,1
空间计量经济学模型,1
产业-城镇协调发展,1
城市更新政策评估,1
社会经济效益,1
空间重构效应,1
公共设施配建,1
政策文本挖掘,1
灾害风险评估,1
韧性城市评价指标体系,1
城市安全防控体系,1
国际合作网络,1
学科交叉演化,1
研究热点迁移,1
保护策略,1
文化遗产廊道规划,1
动态风险评估,1
防洪设施维护,1
气候适应型城市,1
多维绩效评估,1
碳减排效率,1
韧性转型,1
智能监控,1
自动驾驶,1
多目标实时检测与跟踪,1
时空特征关联,1
YOLOv5检测框架,1
DeepSORT跟踪算法,1
动态背景干扰,1
目标特征提取,1
跨摄像头目标重识别,1
端到端的实时处理系统,1
MOT17数据集,1
MOTA指标,1
处理速度,1
景观身份导向型更新,1
文化景观评估,1
社区协商,1
空间干预,1
滨水历史街区,1
传统建筑肌理,1
公共空间网络,1
社区集体记忆,1
文化景观评估工具,1
历史街区更新,1
景观身份完整度,1
保护性更新,1
城市符号学,1
符号聚合体,1
文化编码机制,1
文化记忆,1
文化策略,1
市场化转型,1
制度经济学,1
产权配置模式,1
政企合作机制,1
融资渠道创新,1
非法占据空间现象,1
城市治理挑战,1
非正规居住空间,1
社会空间实践,1
物质改造,1
建筑改造,1
基础设施共享,1
社区网络重构,1
社会韧性,1
社区治理模式,1
包容性城市更新政策,1
文化空间再生产,1
居民生活满意度,1
社区归属感,1
文化设施,1
民生改善,1
存量住区,1
技术效率,1
规模效率,1
资源配置效率,1
文化资本评估体系,1
空间干预策略库,1
文化遗产活化利用,1
社区参与路径,1
文化导向型再生,1
老旧社区公共空间功能衰退,1
居民需求升级,1
参与式设计,1
公共空间功能弹性转换,1
社区记忆延续,1
空间活力,1
社区治理现代化,1
城市更新条例,1
社会空间失衡,1
动态适应性更新,1
历史遗产活化,1
混合所有制模式,1
PPP模式,1
土地价值增长,1
社会满意度,1
优秀实践案例,1
全过程结构模型,1
决策支持工具,1
产权激励,1
规划弹性,1
业态混合,1
收益共享,1
生态环境监测,1
生态质量评估,1
生态指数,1
植被覆盖度,1
地表温度,1
湿度指数,1
综合评价模型,1
预警指标体系,1
智能化管理,1
BIM-GIS集成技术,1
公共服务供需匹配度,1
包容性城市更新,1
非正规空间治理,1
产权模糊性,1
渐进式确权,1
包容性城市转型,1
文化叙事构建,1
空间场景营造,1
社区协同策展,1
文化基因提取与转译技术,1
弹性空间模块化设计方法,1
文化驱动型城市更新,1
历史文化遗产保护,1
价值评估,1
历史建筑价值量化评估模型,1
更新片区功能混合度优化算法,1
利益相关者协商机制,1
文化价值保留,1
社会-经济-空间多维协同评估框架,1
案例对比分析,1
土地增值效益,1
空间品质提升,1
更新效益综合评价指标体系,1
社会冲突风险,1
精准化更新政策,1
城乡更新理论体系,1
老龄化社会,1
社区养老服务体系,1
物联网感知,1
智能决策算法,1
服务需求预测,1
资源动态调度,1
城市交通碳减排目标,1
认知-行为,1
环保认知强度,1
社交媒介影响,1
时空弹性需求,1
智慧化接驳服务,1
产业结构升级,1
就业吸纳能力,1
风险分散效应,1
面板数据分析,1
资源型城市,1
全生命周期成本,1
资产健康度预测,1
状态监测,1
剩余寿命,1
更新优先级评估,1
智慧城轨,1
城市基础设施数字化,1
定量与定性相结合,1
权重分配机制,1
植被覆盖,1
不透水面比例,1
创新驱动,1
生产要素,1
产业生态,1
数字鸿沟,1
政府引导-市场驱动-农户参与,1
农产品上行渠道优化,1
县域物流网络重构,1
数字技能培训,1
农村产业转型,1
倾向得分匹配-双重差分法,1
PM2.5浓度,1
通勤时间,1
治理效果,1
土壤养分,1
演替进程,1
养老服务供需失衡,1
政策落地不畅,1
政府主导-市场补充-社区协同,1
互助养老院,1
医养结合,1
城乡养老资源均衡配置,1
区域协同发展,1
产业同质化竞争,1
资源整合不足,1
协同机制缺失,1
空间规划优化,1
产业链互补,1
产业关联度评估,1
港口城市功能定位差异化,1
基础设施互联互通,1
产业集群协同创新,1
治理瓶颈,1
地方政府职能碎片化,1
政策网络分析,1
城市更新绩效,1
行政协调成本,1
用户画像,1
社交媒体分析,1
游客行为特征,1
内容传播效果评估,1
个性化营销策略,1
城市空间形态演变,1
水资源短缺,1
生态功能失衡,1
城市森林植被,1
节水功能评估,1
遥感反演,1
水量平衡方程,1
条件价值评估法,1
商业区,1
居住区,1
工业区,1
文教区,1
冠层截留率,1
蒸腾耗水量,1
节水经济价值,1
城市生态补偿机制,1
绿地空间布局,1
水资源智慧管理,1
城市繁荣度,1
创新能力,1
包容性繁荣,1
多维协同发展,1
物流网络覆盖率,1
数字技能普及率,1
案例比较分析,1
城市生活质量,1
发展中国家城市,1
县域电商服务中心,1
智能算法,1
量化评估体系,1
生产关系变革,1
资本逻辑,1
产业同质化,1
利益分配失衡,1
生产力-生产关系,1
集体产权制度改革,1
新型合作组织,1
数字平台治理,1
生产要素配置,1
产业价值链,1
数字红利,1
普惠性分配,1
农村数字经济治理体系,1
效率评估,1
DEA模型,1
空间计量,1
基础设施投入,1
公共服务水平,1
技术创新能力,1
适老化改造,1
红色文化资源价值转化,1
旅游产品创新设计,1
特色产业培育,1
复合型发展模式,1
产业链不完善,1
区域差异化,1
资源整合效率,1
本土化电商人才培养,1
区域公共品牌建设,1
动态评估指标体系,1
城市环境,1
经济增长,1
社会经济建模,1
城市更新潜力评估模型,1
更新优先级动态排序算法,1
实施效果多维度反馈机制,1
公众满意度指标量化评估,1
科学决策方法论,1
数据驱动转型,1
乡村旅游产业,1
文化载体,1
文化引领,1
旅游资源价值评估,1
文化活化路径,1
产业融合机制,1
传统村落旅游可持续发展,1
空间质量-客流动态耦合模型,1
空间效能评估体系,1
交通流量监测,1
安全风险评估,1
参与效能评估,1
政府-市场-公众三元主体,1
空间诗学,1
女性主义地理学,1
建筑空间符号学,1
都市空间,1
性别政治,1
土地混合使用,1
分布式能源,1
街区尺度,1
地理信息技术,1
可持续性指标,1
经济-生态效益,1
消费者信任,1
产业赋能,1
品牌联动,1
企业主导,1
农户参与,1
社区参与模式,1
农民生计改善,1
生态承载力阈值,1
自然语言处理,1
情感极性分析,1
LSTM神经网络,1
空间响应度,1
品牌识别度,1
客流量,1
品牌认知度,1
商户满意度,1
产业可持续发展,1
品种改良,1
精深加工,1
品牌营销,1
产业经济学,1
优质品种选育,1
加工工艺创新,1
传统农业转型升级,1
土地用途管制,1
产权纠纷,1
多元回归模型,1
城市功能区,1
公共交通覆盖半径,1
社区参与式规划,1
文化资源活化,1
体育赛事赋能,1
旅游产品升级,1
动态决策模型,1
多智能体仿真,1
历史案例特征提取,1
再生方案动态优化,1
城市复杂系统韧性,1
乡土植物,1
历史景观,1
活态保护模式,1
人口密度变化率,1
公共服务设施覆盖率,1
多模态数据,1
长短期记忆网络,1
医学影像数据,1
疾病早期诊断,1
空间计量建模,1
海绵城市,1
基础设施改善率,1
历史文化资源,1
生态旅游资源,1
政府-企业-村民,1
养老需求,1
社区支持,1
养老服务满意度,1
区域经济一体化,1
资源分布不均,1
政策衔接不足,1
市场主体联动缺失,1
业态融合,1
产业要素流动规律,1
资源禀赋,1
互补性特征,1
跨行政区政策工具,1
产业空间布局方案,1
双核驱动,1
多点支撑,1
计量经济学模型,1
规划决策系统,1
城市公园,1
植物配置,1
传粉昆虫群落,1
本土蜜源植物,1
蝴蝶协同进化关系,1
传粉网络结构,1
复杂网络分析法,1
种间互作矩阵,1
网络连接度,1
模块化程度,1
关键物种中心性,1
传粉效率,1
核心蜜源植物功能群,1
本土菊科,1
豆科植物,1
中介中心性,1
生态效能,1
关键蜜源物种,1
城市人工生态系统,1
种间互作规律,1
公园植物配置,1
传粉服务功能,1
生态廊道建设,1
社会网络治理,1
多元主体协同共治,1
政府部门,1
开发商,1
社区居民,1
城市治理体系,1
物业导向,1
社区空间可持续性评估框架,1
可达性,1
混合度,1
包容性,1
农产品网络营销,1
产品差异化,1
渠道矩阵化,1
品牌故事化,1
案例分析法,1
SWOT-PEST组合模型,1
消费者信任构建机制,1
企业子品牌,1
土地用途识别,1
基础设施布局优化,1
基础设施不完善,1
产业链整合不足,1
政府-企业-农户协同发展,1
多案例比较分析,1
定量评估,1
数字化转型路径,1
技术应用,1
模糊综合评价,1
全过程成本可视化管控,1
区域旅游发展,1
SWOT分析框架,1
旅游发展评估体系,1
旅游资源优势,1
区位劣势,1
政策机遇,1
市场威胁,1
战略匹配度,1
旅游收入,1
区域旅游竞争优势,1
旅游规划,1
农产品标准化,1
政府引导+平台赋能+农户参与,1
县域物流网络智能化改造,1
农产品溯源系统建设,1
存量发展,1
实施效率,1
机构重组,1
职能整合,1
流程再造,1
案例比较研究,1
专业化更新管理机构,1
跨部门协同机制,1
项目审批,1
政策执行效率,1
空间资源高效配置,1
服务覆盖不足,1
SWOT分析法,1
冷链技术应用推广,1
县域共同配送体系,1
城乡物流协同发展,1
区域农村电商政策,1
农村现代化流通体系,1
县域电商物流,1
西部贫困县域,1
冷链技术适配性改造,1
最后一公里配送创新,1
区域经济格局,1
企业创新投入,1
创新产出弹性,1
餐饮行业,1
品牌命名,1
语言特征,1
文化符号,1
语料库语言学,1
社会符号学,1
品牌辨识度,1
文化遗产价值转化机制,1
社区主导型旅游开发模式,1
数字化技术,1
信息协同,1
双重差分法,1
供应链中断应对能力,1
恢复速度,1
适应性,1
信息可视化,1
智能调度,1
碳足迹数字孪生系统,1
多元治理,1
东西方对比,1
适应性策略,1
空间结构优化,1
产业耦合度,1
区位熵,1
引力模型,1
核心-边缘分布,1
非损伤性粪便采样,1
肠道微生物组成,1
功能基因表达,1
营养干预策略,1
存量土地再开发,1
政策碎片化,1
三旧改造,1
行政管理体制创新,1
城市更新局,1
多方主体协同治理,1
超大城市存量空间治理,1
区块链,1
物联网,1
智能合约,1
数字化改造,1
供应链协同,1
产销协同,1
智慧物流,1
冷链仓储网络,1
物流信息共享平台,1
末端配送路径优化,1
土壤有机碳库,1
蓝碳生态系统,1
碳中和示范区,1
实时数据分析,1
精准种植技术,1
数字化营销策略,1
特色农业数字化转型,1
三维建筑信息模型,1
热力图叠加,1
建筑年代,1
功能混合度,1
人口流动,1
商业活力,1
更新潜力评估模型,1
生鲜电商,1
动态路径优化,1
能耗控制,1
客户满意度,1
智慧化低碳冷链体系,1
社会-经济-环境多维协同效应,1
基础设施供需匹配度,1
生态红线,1
土地开发阈值,1
公共资源错配风险,1
差异化区域发展路线图,1
城乡金融资源分配不均,1
金融包容性政策,1
双重差分模型,1
经济质量,1
数字金融覆盖率,1
农村居民收入,1
县域GDP增速,1
普惠金融,1
乡村振兴金融服务体系,1
数字经济时代,1
政府主导型更新模式,1
治理结构动态平衡,1
多元主体互动,1
容积率奖励,1
社区自组织,1
制度化协商平台,1
社会可持续更新,1
金融资源配置,1
金融服务效率,1
农村金融体系,1
金融服务可得性,1
金融稳定性,1
农村金融渗透率,1
金融服务成本,1
多元化金融体系,1
区域经济均衡发展,1
元宇宙技术,1
虚拟现实,1
沉浸式体验,1
城市微气候,1
植物蒸腾降温,1
颗粒物吸附,1
温度调节,1
PM2.5吸附效率,1
节能效益,1
社交网络分析,1
精准营销体系,1
用户互动率,1
生态保护意识,1
生命周期评价,1
预制构件标准化,1
装配式施工,1
施工废弃物,1
建造周期,1
综合成本,1
区域气候适应性,1
绿色转型升级,1
治理效率提升,1
农产品电商化转型,1
区域品牌认知度,1
电商运营专业化,1
电商平台选择策略,1
农产品标准化体系建设,1
区域品牌传播效果,1
特色农产品电商发展评价指标体系,1
政府引导+企业主体+农户参与的协同机制,1
互联网+农业,1
文体旅融合,1
虚拟城市更新,1
数字孪生系统,1
视觉质量评估,1
扩散模型,1
农产品电子商务,1
品牌化,1
电商人才培训,1
电商生态圈,1
线上销售额,1
入侵区域,1
资源配置优化,1
环境因素,1
县域物流网络优化,1
农户数字技能培训,1
产销数据智能匹配,1
文化供给侧结构性改革,1
供需匹配,1
读者反馈系统,1
公共文化服务,1
乡村文化振兴,1
基本公共文化服务均等化,1
文旅产品创新设计,1
社区参与机制构建,1
公共私营合作模式,1
财务风险评估,1
风险分担机制,1
土地增值收益分配,1
政策变动影响,1
运营成本波动,1
风险评估模型,1
区域创新系统,1
农村养老服务供需失衡,1
资源分散,1
地方文化适配性,1
家庭养老功能弱化,1
社区服务衔接机制,1
民俗文化整合,1
养老服务覆盖率,1
满意度提升,1
县域养老模式评估框架,1
行动主体,1
空间形态,1
政策模仿,1
国际经验参照,1
地方自主探索,1
政府主导,1
多元主体探索,1
政策扩散,1
地方创新,1
本土化城市更新理论,1
实地访谈,1
本土化解决方案,1
三位一体培训体系,1
电商实操能力,1
创业成功率,1
培训满意度,1
学员创业率,1
农村电商可持续发展,1
文化IP孵化,1
区块链溯源技术,1
数字化流通体系,1
Z世代消费群体,1
非遗产品,1
文化产业链升级,1
传统特色食品产业,1
市场定位,1
品牌传播,1
销售渠道优化,1
线上线下资源整合,1
文化IP打造,1
养老保险体系,1
财务可持续性,1
主体行为,1
精算模型,1
全国统筹,1
个人账户改革,1
代际公平,1
延迟退休政策,1
精算平衡,1
缴费率调整,1
区域转移支付,1
社会保障理论,1
决策支撑,1
区域发展,1
居民福祉,1
尿酸代谢紊乱,1
痛风,1
高尿酸血症,1
分子对接,1
动力学模拟,1
代谢网络分析,1
尿酸合成酶,1
尿酸转运体,1
双靶点抑制策略,1
虚拟筛选,1
先导化合物结构,1
代谢稳定性,1
长三角区域经济一体化,1
传统产业数字化转型,1
特色产业集群,1
双循环新发展格局,1
法律规制,1
地方性法规,1
纠纷调解机制,1
物流监管体系,1
特征对齐,1
物流体系智能化改造,1
电商人才本地化培养,1
生态效益评估,1
城市绿地,1
水系,1
碳汇,1
GIS,1
空间决策支持工具,1
生态服务价值,1
社会生态系统协同演化,1
数字化转化,1
线上线下协同发展,1
电子商务经济,1
直播带货,1
数字化管理体系,1
公共服务设施配套优化,1
社区治理机制创新,1
农产品销售渠道受限,1
电子商务研究,1
干旱区农产品易损性,1
电商人才培育机制,1
跨境电商业态创新,1
地理标志产品,1
社区电商,1
跨境通道,1
中亚市场,1
本土电商企业,1
数字贸易走廊,1
区域电商发展,1
使用后评价,1
分类框架,1
农业现代化,1
差异化竞争优势,1
品牌IP打造,1
政府-平台-农户三元联动模式,1
共现网络,1
主题演化,1
科学决策,1
网络覆盖,1
金融支持,1
健康城市建设,1
城市改革政策,1
卫生基础设施改善,1
环境质量提升,1
公共服务均等化,1
健康促进效果,1
公共健康,1
数字营销,1
农村电商生态体系,1
公共空间布局,1
历史遗产保护,1
多学科交叉研究,1
建筑密度控制,1
抗风险能力,1
人才培育,1
社区工作,1
社会组织,1
文化认同感,1
目的地形象,1
游客感知,1
经济公平,1
社区赋权,1
历史景观保护,1
就业机会创造,1
文化生态保护,1
土地混合开发,1
站城一体,1
市场准入壁垒,1
本土化竞争,1
国际竞争力,1
政策引导,1
技术标准对接,1
营销渠道创新,1
供应链本地化,1
消费偏好,1
政策差异,1
差异化市场进入策略,1
动态风险评估体系,1
市场占有率,1
本土化采购率,1
碳边境税机制,1
高端制造,1
应用型人才,1
课程设置,1
实践教学,1
城市发展导向型,1
产业结构变动,1
城市大数据分析,1
工程数学建模,1
物流网络重构,1
智慧仓储建设,1
多式联运整合,1
数字中台,1
跨文化语境,1
视觉叙事,1
图像-文本互文性,1
符号学分析,1
文化身份建构,1
多模态叙事,1
国家认同,1
文化杂糅,1
视觉表达,1
营养适配性,1
服务质量评价,1
健康老龄化,1
物种分布数据,1
栖息地适宜性分级评价体系,1
利益分配,1
政策支持体系,1
存量提质,1
社会包容,1
生态韧性,1
更新单元识别,1
全周期治理,1
土壤养分循环,1
生态功能响应,1
植被-土壤-微生物互作机制,1
碳中和目标,1
金融化模式,1
土地产权制度,1
地方债务工具创新,1
跨国资本准入政策,1
区域不均衡,1
要素集聚,1
多期双重差分法,1
工具变量法,1
金融发展水平,1
人力资本积累,1
政府支持力度,1
城乡互动,1
农业服务模式,1
商业绅士化,1
居住分异,1
公共服务设施配置失衡,1
城市更新强度梯度,1
智慧更新管理系统,1
社区养老服务,1
供需失衡,1
政府购买服务模式,1
智慧社区平台,1
服务整合,1
质量监控,1
资源优化,1
港口经济,1
城市服务,1
政策工具包,1
数字化能力建设,1
区域数字经济,1
数字化生态圈,1
存量土地开发,1
城市更新政策,1
内容分析法,1
强制性工具,1
激励性工具,1
政策网络结构,1
空间资源分配,1
命令控制型工具,1
市场型工具,1
乡村文旅产业,1
乡村经济文化协同发展,1
农文旅融合,1
乡村内生动力,1
多元主体利益协调,1
交易成本量化,1
信息对称性,1
契约安排,1
多主体博弈建模,1
决策优化模型,1
数字技术应用,1
游客满意度,1
治理现代化,1
城市品牌化与再开发,1
政策制定与政治过程,1
工业城市大气污染物综合治理,1
树种净化效果评估体系,1
生态净化功能,1
PM2.5/PM10截留效率,1
SO2/NO2吸收速率,1
生态修复工程,1
城市绿地规划范式,1
多尺度遥感,1
水文调节能力,1
翻译策略,1
地理文化差异,1
语料库分析,1
文化地理学,1
国际游客,1
文化认知体验,1
数字化人才培养,1
数字化技术与智慧城市,1
就业创造,1
收入分配,1
中介效应模型,1
非农就业,1
农民经营性收入,1
面板数据,1
资源富集型贫困,1
农产品品牌化运营,1
数字化技能培训,1
电商扶贫,1
用户体验优化,1
线上线下消费场景,1
价值链模型,1
物流基础设施,1
数字化应用,1
智慧服务平台,1
商业设施,1
历史城区功能衰退,1
社会-空间耦合更新,1
社区凝聚力,1
公共空间使用效率,1
历史建筑原真性,1
案例分析,1
实证研究,1
平台构建,1
品牌培育,1
流通成本,1
空间点模式分析,1
地理加权回归,1
乡村旅游景点,1
数字人才引进政策,1
文旅融合精准营销策略,1
文化,1
双碳,1
用户触达率,1
互动体验,1
营销模式,1
社交媒体矩阵,1
虚拟展厅,1
沉浸式技术,1
用户消费行为数据分析,1
线上店铺访问量,1
用户复购率,1
文化IP传播覆盖率,1
数字营销推广,1
物流网络完善,1
法律制度,1
应急响应,1
防灾减灾,1
容积率调整,1
供应链管理,1
多元主体协同,1
特色产业发展,1
数字化人才,1
数字基建,1
农产品供应链数字化,1
非遗文化IP,1
三级联动机制,1
政府主导模式,1
社会多元诉求,1
公共管理理论,1
权力重构,1
利益协调,1
多元共治模式,1
政府-市场-社会协同治理框架,1
智慧营销,1
游客体验,1
电子商务与农业产业融合,1
产业链协同,1
产品附加值,1
互联网+水产,1
特色农业,1
政策过程分析,1
城市生态监测,1
绿地系统,1
经济-社会-环境三维平衡,1
德尔菲专家法,1
决策机制,1
主体协同效率,1
县域特色产业,1
全链路数字化改造,1
利益共享机制,1
电商集群效应,1
农户参与度,1
县域经济数字化转型,1
产业互联网,1
特征级融合,1
电子病历,1
基因数据,1
可视化技术,1
可解释性,1
生态网络动态评估,1
形态学空间格局分析,1
最小累积阻力模型,1
生态源地,1
生态廊道,1
生态连通性指数,1
优先保护生态空间,1
源地-廊道-节点协同演化机制,1
生态安全网络优化,1
土地混合使用效率,1
公共空间可达性,1
绿地资源分配不均,1
建成环境因子,1
低收入社区,1
多元主体利益诉求,1
行政主导模式,1
政府-开发商-居民三方博弈,1
社会矛盾,1
动态博弈论,1
多智能体系统,1
协同治理框架,1
演化博弈建模,1
情景仿真,1
协商规则设计,1
风险共担方案,1
博弈均衡,1
冲突发生率,1
市场失控,1
社会失序,1
新型城镇化战略,1
智能供应链,1
产销匹配,1
政府政策,1
城市形象传播,1
视觉符号,1
听觉符号,1
语言符号,1
传播效果,1
实体经济,1
要素配置,1
融资约束,1
创新活力,1
中小企业融资,1
电商行业,1
用户行为特征,1
适用性评估,1
会员权益设计,1
价格敏感度,1
用户生命周期价值,1
会员价值感知模型,1
动态定价算法,1
ARPU增长,1
精细化运营,1
开发成本结构,1
审批周期,1
金融体系稳定性,1
信用风险量化,1
市场波动敏感性,1
违约点设定,1
历史回溯测试,1
违约距离计算,1
风险传染,1
预警准确率,1
违约概率预测,1
系统性风险传导机制,1
宏观审慎监管,1
经济评价体系,1
决策依据,1
多维效益评估,1
动态敏感性分析,1
资金平衡周期,1
社会效益转化,1
经济可行性评估,1
决策方案优化,1
中长期效益预测,1
科学决策机制,1
公共资源配置,1
品牌定位,1
文化体验,1
民族文化元素,1
节事活动,1
游客留存率,1
消费决策,1
社会空间不平等,1
资本驱动,1
原住民权益保护,1
社会空间理论,1
行动者网络分析,1
社区自组织能力,1
多方利益平衡,1
原住民回迁,1
包容性城市发展,1
产权界定,1
交易机制,1
生态补偿,1
生态产品交易市场,1
生态保护与经济发展矛盾,1
联合国《生物多样性公约》,1
生态足迹模型,1
水资源超载,1
能源用地效率低下,1
生态安全屏障,1
土地整理,1
农产品销售渠道不畅,1
农民增收困难,1
数商兴农,1
数字化渗透,1
产业链重构,1
价值增值,1
标准化,1
降本增效,1
应急资源调配,1
多维韧性评估模型,1
实施协同,1
多元主体协同实施机制,1
城市空间品质,1
高密度城市可持续发展,1
社区居家养老服务,1
多元主体互动机制,1
政策实施,1
服务供需错配,1
质性研究方法,1
非人类行动者,1
智能设备,1
补贴标准,1
时间银行,1
智能穿戴设备,1
居家养老服务覆盖率,1
服务满意度,1
基层治理,1
多元协同治理,1
数字技能缺失,1
双语电商培训体系,1
水资源管理,1
臭氧污染防控,1
植被-大气交互,1
多尺度耦合,1
城市绿地配置,1
自然解决方案,1
非正式空间,1
文化旅游资源开发与保护,1
文化内涵挖掘,1
商业开发同质化,1
社区参与度,1
社区共建共享,1
游客体验提升,1
社区经济收益分配,1
民族文化原真性,1
民族文化遗产活态保护,1
文旅融合发展,1
多主体协同治理,1
分散式政策网络,1
博弈论,1
动态策略演化模型,1
网络结构特征,1
信息不对称,1
多中心治理理论,1
政策执行,1
沉浸式交互技术,1
VR/AR技术,1
三维激光扫描,1
多模态交互设计,1
数字化游览系统,1
科技+文化,1
旅游景区建设,1
压力-状态-响应模型,1
能源流动,1
污染排放,1
基础设施密度,1
动态评估框架,1
资源管理决策,1
动态调控,1
全生命周期评估,1
模块化预制建造,1
正交胶合木结构体系,1
抗震性能,1
防火性能,1
碳封存,1
雨水管理,1
日照分布调节,1
视觉美学,1
参数化建模,1
性能模拟,1
知识产权保护,1
商业赋能,1
文化资源转化,1
跨国实践,1
身份重构,1
华侨研究,1
生态风险评估,1
城市生态安全,1
跨国比较分析框架,1
文化导向型更新,1
经济驱动型更新,1
实施效果,1
经济可持续性,1
快速城市化,1
生态保护与经济发展,1
生态敏感性分析,1
科学知识图谱,1
时空分布特征,1
共被引网络结构,1
突现词演化规律,1
材料仿生,1
功能仿生,1
系统仿生,1
智能材料集成,1
跨尺度仿生制造,1
文化记忆再现,1
人文导向型,1
性别视角,1
在地化支持,1
创业信心,1
小组互助,1
社区资源链接,1
性别化数字鸿沟,1
妇女发展,1
生计改善,1
更新潜力评估指标体系,1
实验人文地理学,1
离散选择模型,1
边境城市形象认知,1
安全感知,1
文化距离,1
旅游吸引力指数预测模型,1
行为地理学,1
区域旅游经济,1
多源数据与大数据,1
生态脆弱性,1
国土空间生态修复,1
区域发展不平衡,1
熵值法-TOPSIS耦合模型,1
生态补偿政策,1
老旧城区功能衰退,1
城镇化与生态环境矛盾,1
生态要素整合,1
夜间灯光数据,1
植被指数,1
时空动态评估模型,1
生态承载力,1
城市生态研究,1
植被垂直异质性,1
斑块连通性,1
鸟类多样性,1
可持续城市景观设计,1
历史街区改造,1
工业用地更新,1
德尔菲法,1
社会资本积累,1
产业协同创新,1
空间功能重构,1
内生发展能力,1
集体经济,1
村民参与度,1
产业共生体,1
城乡关系,1
青年文化认同,1
文化编码策略,1
本土意识,1
现代性,1
农业农村数字化转型,1
农旅融合,1
计量经济模型,1
农业生产要素,1
旅游资源,1
经济辐射效应,1
生态影响阈值,1
智慧乡村,1
计算流体力学,1
城市形态参数,1
通风廊道规划,1
气候适应性城市设计,1
植物群落结构,1
空间统计分析,1
蓝绿空间网络优化,1
社区画像,1
多元主体协商工作坊,1
居民行为轨迹,1
存量空间功能复合化改造策略,1
社区自组织维护机制,1
社会资本再生,1
15分钟生活圈,1
植被特征,1
多样性指数,1
城市化强度,1
乡土植物多样性,1
城市土地管理,1
公平性与效率平衡,1
混合用地规划,1
社区参与式决策,1
土地资源可持续利用,1
社会空间分异,1
旅游目的地品牌建设,1
游客忠诚度培育,1
突发性网红旅游现象,1
动态忠诚度测评体系,1
情绪驱动特征,1
文旅营销,1
生态补偿机制,1
生态敏感区域,1
生态产品价值实现,1
空间依赖,1
多尺度空间杜宾模型,1
住房需求,1
更新效益,1
多维评估指标体系,1
配送成本,1
政策法规,1
飞行路径规划,1
社区接受度,1
安全风险管控,1
政策激励措施,1
场所营造理论,1
文化基因-经济动能,1
历史地理学,1
地方文化符号,1
空间再生产,1
文化资本激活,1
经济价值重构,1
可持续再生,1
全球化,1
政治社会学,1
多层级分析,1
金融合作,1
文化交流,1
市场运作,1
民间润滑,1
战略利益,1
风险可控性,1
全球治理,1
东盟国家,1
合作机制,1
健康公平,1
社会空间重构,1
现实主义评价方法,1
地理加权回归模型,1
多尺度健康影响评估体系,1
住房可及性,1
服务设施配置,1
健康差异,1
倒U型关系,1
健康促进政策,1
